<?xml version="1.0" encoding="UTF-8"?>
<beans xmlns="http://www.springframework.org/schema/beans"
	xmlns:mvc="http://www.springframework.org/schema/mvc"
	xmlns:xsi="http://www.w3.org/2001/XMLSchema-instance"
	xmlns:context="http://www.springframework.org/schema/context"
	xsi:schemaLocation=" 
                http://www.springframework.org/schema/beans 
                http://www.springframework.org/schema/beans/spring-beans-3.1.xsd 
                http://www.springframework.org/schema/context 
                http://www.springframework.org/schema/context/spring-context-3.1.xsd 
                http://www.springframework.org/schema/mvc 
                http://www.springframework.org/schema/mvc/spring-mvc-3.1.xsd">
	
	<mvc:annotation-driven />

	<!-- 默认访问跳转到登录页面 -->
	<mvc:view-controller path="/" view-name="forward:/login" />
	
	<context:component-scan base-package="org.shiro.demo.controller" />
	
	<mvc:resources mapping="/resources/**" location="/resources/" />

	<!-- 采用SpringMVC自带的JSON转换工具，支持@ResponseBody注解 -->
	<bean class="org.springframework.web.servlet.mvc.annotation.AnnotationMethodHandlerAdapter">
		<property name="messageConverters">
			<list>
				<bean class="org.springframework.http.converter.json.MappingJacksonHttpMessageConverter" />
			</list>
		</property>
	</bean>

	<!-- 避免IE执行AJAX时,返回JSON出现下载文件 -->
	<bean id="mappingJacksonHttpMessageConverter"
		class="org.springframework.http.converter.json.MappingJacksonHttpMessageConverter">
		<property name="supportedMediaTypes">
			<list>
				<value>text/html;charset=UTF-8</value>
			</list>
		</property>
	</bean>
	
	<bean class="org.springframework.web.servlet.view.InternalResourceViewResolver">
		<property name="viewClass" value="org.springframework.web.servlet.view.JstlView" />
		<property name="prefix" value="/" />
		<property name="suffix" value=".jsp" />
	</bean>
	
	<!-- 开启Shiro注解的Spring配置方式的beans。在lifecycleBeanPostProcessor之后运行 -->
	<bean
		class="org.springframework.aop.framework.autoproxy.DefaultAdvisorAutoProxyCreator"
		depends-on="lifecycleBeanPostProcessor" />
	<bean
		class="org.apache.shiro.spring.security.interceptor.AuthorizationAttributeSourceAdvisor">
		<property name="securityManager" ref="securityManager" />
	</bean>
	
	<bean id="lifecycleBeanPostProcessor"
		class="org.apache.shiro.spring.LifecycleBeanPostProcessor" />

	<!-- shiro为集成spring -->
	<bean class="org.springframework.web.servlet.handler.SimpleMappingExceptionResolver">
		<property name="exceptionMappings">
			<props>
				<prop key="org.apache.shiro.authz.UnauthorizedException">/system/error</prop>
			</props>
		</property>
	</bean>
	
</beans>